{
  "results": [
    {
      "command": "pip-sync (install-cold)",
      "mean": 8.3527899032,
      "stddev": 0.7730323789233161,
      "median": 8.386906699,
      "user": 4.2457145999999995,
      "system": 1.08247414,
      "min": 7.093455053,
      "max": 9.737475762,
      "times": [
        7.093455053,
        7.252361678,
        8.69150272,
        9.737475762,
        8.08719297,
        8.351101053,
        8.63226722,
        8.281974303,
        8.422712345,
        8.977855928
      ],
      "exit_codes": [
        0,
        0,
        0,
        0,
        0,
        0,
        0,
        0,
        0,
        0
      ]
    },
    {
      "command": "poetry (install-cold)",
      "mean": 2.5814741992999997,
      "stddev": 0.3700383939383902,
      "median": 2.6276639495,
      "user": 1.3606575,
      "system": 0.89359774,
      "min": 2.111122012,
      "max": 3.390149845,
      "times": [
        3.390149845,
        2.731193012,
        2.6500027619999997,
        2.632129887,
        2.784160845,
        2.33678822,
        2.623198012,
        2.111122012,
        2.135517803,
        2.4204795949999998
      ],
      "exit_codes": [
        0,
        0,
        0,
        0,
        0,
        0,
        0,
        0,
        0,
        0
      ]
    },
    {
      "command": "puffin (install-cold)",
      "mean": 0.7669245118000001,
      "stddev": 0.05029014595297928,
      "median": 0.763306095,
      "user": 0.2826953,
      "system": 0.5852297399999999,
      "min": 0.689131137,
      "max": 0.8736470120000001,
      "times": [
        0.808384012,
        0.8736470120000001,
        0.79294297,
        0.770266095,
        0.736792345,
        0.767392512,
        0.736073012,
        0.7353963450000001,
        0.759219678,
        0.689131137
      ],
      "exit_codes": [
        0,
        0,
        0,
        0,
        0,
        0,
        0,
        0,
        0,
        0
      ]
    }
  ]
}
