{
  "results": [
    {
      "command": "pip-sync (install-cold)",
      "mean": 7.020030460860001,
      "stddev": 0.1288193812395621,
      "median": 6.989749894060001,
      "user": 3.25605052,
      "system": 0.87229878,
      "min": 6.889668123060001,
      "max": 7.237910457060001,
      "times": [
        7.032295498060001,
        7.0648117070600005,
        6.94720429006,
        7.127688707060001,
        7.18279437306,
        7.237910457060001,
        6.89611912306,
        6.90163820706,
        6.889668123060001,
        6.920174123060001
      ],
      "exit_codes": [
        0,
        0,
        0,
        0,
        0,
        0,
        0,
        0,
        0,
        0
      ]
    },
    {
      "command": "poetry (install-cold)",
      "mean": 2.12246458596,
      "stddev": 0.13701147503000377,
      "median": 2.11895608156,
      "user": 1.22356892,
      "system": 0.8358294800000001,
      "min": 1.96371491506,
      "max": 2.37636158206,
      "times": [
        2.14611166506,
        1.97131695706,
        2.37636158206,
        2.30784399806,
        2.15744258206,
        2.15365095706,
        1.96371491506,
        2.01078887306,
        2.09180049806,
        2.04561383206
      ],
      "exit_codes": [
        0,
        0,
        0,
        0,
        0,
        0,
        0,
        0,
        0,
        0
      ]
    },
    {
      "command": "pdm (install-cold)",
      "mean": 2.48703614006,
      "stddev": 0.01864445179584664,
      "median": 2.49022116506,
      "user": 2.7514092199999993,
      "system": 1.29143708,
      "min": 2.45628174806,
      "max": 2.50892799806,
      "times": [
        2.48679187306,
        2.5052019150600002,
        2.4936504570599998,
        2.45628174806,
        2.49740045706,
        2.50892799806,
        2.48080770706,
        2.50483054006,
        2.45929616506,
        2.4771725400599998
      ],
      "exit_codes": [
        0,
        0,
        0,
        0,
        0,
        0,
        0,
        0,
        0,
        0
      ]
    },
    {
      "command": "puffin (install-cold)",
      "mean": 0.7907113191600001,
      "stddev": 0.06636650032450672,
      "median": 0.8056863940600001,
      "user": 0.28058372,
      "system": 0.6268162799999999,
      "min": 0.6692231650600001,
      "max": 0.8827214980600001,
      "times": [
        0.8273161230600001,
        0.77152541506,
        0.8305644150600001,
        0.6692231650600001,
        0.8827214980600001,
        0.7609725820600001,
        0.8263490400600001,
        0.7850237480600001,
        0.8493038730600001,
        0.70411333206
      ],
      "exit_codes": [
        0,
        0,
        0,
        0,
        0,
        0,
        0,
        0,
        0,
        0
      ]
    }
  ]
}
