{
  "results": [
    {
      "command": "pip-sync (install-cold)",
      "mean": 6.714399463900001,
      "stddev": 0.061369706887970485,
      "median": 6.689473830600001,
      "user": 3.5346962399999997,
      "system": 0.98148838,
      "min": 6.655391934600001,
      "max": 6.8501390186,
      "times": [
        6.6763341846,
        6.6816554766000005,
        6.6935231846,
        6.7972014346,
        6.685424476600001,
        6.6817090596,
        6.655391934600001,
        6.7224570596,
        6.7001588096,
        6.8501390186
      ],
      "exit_codes": [
        0,
        0,
        0,
        0,
        0,
        0,
        0,
        0,
        0,
        0
      ]
    },
    {
      "command": "poetry (install-cold)",
      "mean": 2.0862009098999996,
      "stddev": 0.13118043698197174,
      "median": 2.1357486641,
      "user": 1.1999203399999998,
      "system": 0.91520858,
      "min": 1.8622471016000002,
      "max": 2.2258408515999997,
      "times": [
        2.2258408515999997,
        2.1914839766,
        2.1762039345999997,
        1.9459706016000002,
        1.9470256016,
        2.0957148096,
        1.8622471016000002,
        2.0300912265999997,
        2.2116484765999997,
        2.1757825185999997
      ],
      "exit_codes": [
        0,
        0,
        0,
        0,
        0,
        0,
        0,
        0,
        0,
        0
      ]
    },
    {
      "command": "pdm (install-cold)",
      "mean": 2.3687635018,
      "stddev": 0.053236082296417284,
      "median": 2.3594124976,
      "user": 2.67717664,
      "system": 1.3748374799999998,
      "min": 2.2974200186,
      "max": 2.4914176435999997,
      "times": [
        2.3658473935999997,
        2.2974200186,
        2.3453306435999997,
        2.3646718516,
        2.3211723095999997,
        2.4092696435999996,
        2.4914176435999997,
        2.3541531436,
        2.3507509765999997,
        2.3876013936
      ],
      "exit_codes": [
        0,
        0,
        0,
        0,
        0,
        0,
        0,
        0,
        0,
        0
      ]
    },
    {
      "command": "puffin (install-cold)",
      "mean": 0.7285599933,
      "stddev": 0.039676124704613576,
      "median": 0.7211537891000002,
      "user": 0.28151694,
      "system": 0.6000310799999999,
      "min": 0.6840105596000001,
      "max": 0.8092144766000001,
      "times": [
        0.6920305596,
        0.7833111016000001,
        0.7204491436000001,
        0.6840105596000001,
        0.7144448516,
        0.7242446436000001,
        0.6980800186000001,
        0.8092144766000001,
        0.7379561436000001,
        0.7218584346000001
      ],
      "exit_codes": [
        0,
        0,
        0,
        0,
        0,
        0,
        0,
        0,
        0,
        0
      ]
    }
  ]
}
