{
  "results": [
    {
      "command": "pip-sync (install-warm)",
      "mean": 4.5344701309,
      "stddev": 0.024631717542192396,
      "median": 4.540884789000001,
      "user": 3.3592397400000005,
      "system": 0.7045942,
      "min": 4.4807979145,
      "max": 4.5655857475,
      "times": [
        4.5348968725,
        4.5582047475000005,
        4.522957664500001,
        4.548203997500001,
        4.4807979145,
        4.5655857475,
        4.5420465395,
        4.5102382475,
        4.541047955500001,
        4.5407216225
      ],
      "exit_codes": [
        0,
        0,
        0,
        0,
        0,
        0,
        0,
        0,
        0,
        0
      ]
    },
    {
      "command": "poetry (install-warm)",
      "mean": 1.9796897517,
      "stddev": 0.016231199752814656,
      "median": 1.9816103515,
      "user": 1.6668894399999998,
      "system": 0.7521813999999999,
      "min": 1.9590856644999999,
      "max": 2.0086328305,
      "times": [
        1.9946496645,
        1.9591770395,
        1.9590856644999999,
        2.0086328305,
        1.9897243305,
        1.9826427055,
        1.9873396644999999,
        1.9805779975000002,
        1.9674654555000002,
        1.9676021645000001
      ],
      "exit_codes": [
        0,
        0,
        0,
        0,
        0,
        0,
        0,
        0,
        0,
        0
      ]
    },
    {
      "command": "puffin (install-warm)",
      "mean": 0.054942655900000005,
      "stddev": 0.011245606409127001,
      "median": 0.04969541450000001,
      "user": 0.01220444,
      "system": 0.0978362,
      "min": 0.0484831645,
      "max": 0.07802666450000001,
      "times": [
        0.0497526645,
        0.0484831645,
        0.07802666450000001,
        0.050747955500000004,
        0.0505587895,
        0.0492681645,
        0.049638164500000005,
        0.0743312055,
        0.0490677055,
        0.049552080500000005
      ],
      "exit_codes": [
        0,
        0,
        0,
        0,
        0,
        0,
        0,
        0,
        0,
        0
      ]
    }
  ]
}
