{
  "results": [
    {
      "command": "pip-sync (install-warm)",
      "mean": 4.6313483826,
      "stddev": 0.22634577736158484,
      "median": 4.708939445,
      "user": 2.93574504,
      "system": 0.6678419999999999,
      "min": 4.180372153,
      "max": 4.877642862,
      "times": [
        4.877642862,
        4.868771987000001,
        4.729394737000001,
        4.715496862,
        4.30225857,
        4.704257362,
        4.573680403,
        4.180372153,
        4.647987362,
        4.713621528
      ],
      "exit_codes": [
        0,
        0,
        0,
        0,
        0,
        0,
        0,
        0,
        0,
        0
      ]
    },
    {
      "command": "poetry (install-warm)",
      "mean": 0.9872183659000001,
      "stddev": 0.025955517473587,
      "median": 0.9858593615000001,
      "user": 0.83259264,
      "system": 0.5849947999999998,
      "min": 0.9531113620000001,
      "max": 1.031887945,
      "times": [
        1.016719653,
        0.9749916120000001,
        0.9531113620000001,
        0.9657639870000001,
        0.9577088200000001,
        1.001281945,
        1.031887945,
        0.9961875280000001,
        0.9755311950000001,
        0.9989996120000001
      ],
      "exit_codes": [
        0,
        0,
        0,
        0,
        0,
        0,
        0,
        0,
        0,
        0
      ]
    },
    {
      "command": "pdm (install-warm)",
      "mean": 1.8969612491999999,
      "stddev": 0.03957922033066156,
      "median": 1.8931242574999998,
      "user": 2.55189984,
      "system": 1.2098715,
      "min": 1.831132903,
      "max": 1.952142612,
      "times": [
        1.943510278,
        1.884203195,
        1.831132903,
        1.918108612,
        1.952142612,
        1.932757987,
        1.858444403,
        1.8933030279999998,
        1.892945487,
        1.863063987
      ],
      "exit_codes": [
        0,
        0,
        0,
        0,
        0,
        0,
        0,
        0,
        0,
        0
      ]
    },
    {
      "command": "puffin (install-warm)",
      "mean": 0.0576289908,
      "stddev": 0.009308294780225436,
      "median": 0.051548632500000004,
      "user": 0.012272640000000001,
      "system": 0.09698489999999999,
      "min": 0.049136028000000005,
      "max": 0.07271952799999999,
      "times": [
        0.062845028,
        0.051670153,
        0.049136028000000005,
        0.065129945,
        0.050227987,
        0.051427112000000004,
        0.050913612000000004,
        0.071069987,
        0.051150528,
        0.07271952799999999
      ],
      "exit_codes": [
        0,
        0,
        0,
        0,
        0,
        0,
        0,
        0,
        0,
        0
      ]
    }
  ]
}
