{
  "results": [
    {
      "command": "pip-sync (install-warm)",
      "mean": 4.122048405860001,
      "stddev": 0.1069396426716921,
      "median": 4.156175455960001,
      "user": 2.9482866,
      "system": 0.70180374,
      "min": 3.94295864296,
      "max": 4.25770335196,
      "times": [
        4.09580810196,
        3.96281326796,
        4.131380351960001,
        4.25770335196,
        4.203376851960001,
        4.0528139349600005,
        3.94295864296,
        4.2105245599600005,
        4.18097055996,
        4.18213443496
      ],
      "exit_codes": [
        0,
        0,
        0,
        0,
        0,
        0,
        0,
        0,
        0,
        0
      ]
    },
    {
      "command": "poetry (install-warm)",
      "mean": 0.9696245806600002,
      "stddev": 0.007351337617815047,
      "median": 0.9697245389600001,
      "user": 0.8380475000000001,
      "system": 0.5730682399999999,
      "min": 0.9565127679600001,
      "max": 0.9818506019600001,
      "times": [
        0.9818506019600001,
        0.9621626849600001,
        0.96729955996,
        0.9693128929600001,
        0.9701361849600001,
        0.9718095599600001,
        0.9712838929600001,
        0.9790233929600001,
        0.9565127679600001,
        0.9668542679600001
      ],
      "exit_codes": [
        0,
        0,
        0,
        0,
        0,
        0,
        0,
        0,
        0,
        0
      ]
    },
    {
      "command": "pdm (install-cold)",
      "mean": 1.76995295156,
      "stddev": 0.04561923307822693,
      "median": 1.75125730996,
      "user": 2.4340888,
      "system": 1.2581543399999997,
      "min": 1.73297272696,
      "max": 1.87747914296,
      "times": [
        1.73297272696,
        1.7615247679600001,
        1.76520718496,
        1.7464951849600001,
        1.75432235196,
        1.74441676796,
        1.87747914296,
        1.82548372696,
        1.74819226796,
        1.74343539296
      ],
      "exit_codes": [
        0,
        0,
        0,
        0,
        0,
        0,
        0,
        0,
        0,
        0
      ]
    },
    {
      "command": "puffin (install-warm)",
      "mean": 0.05377473496,
      "stddev": 0.007723440335249014,
      "median": 0.05157976846,
      "user": 0.0124465,
      "system": 0.09723604,
      "min": 0.04993364296,
      "max": 0.07562572696000001,
      "times": [
        0.051360517960000004,
        0.05158060196,
        0.04993364296,
        0.07562572696000001,
        0.05165710196,
        0.05194605996,
        0.05157893496,
        0.04993497696,
        0.05144826796,
        0.05268151796
      ],
      "exit_codes": [
        0,
        0,
        0,
        0,
        0,
        0,
        0,
        0,
        0,
        0
      ]
    }
  ]
}
