{
  "results": [
    {
      "command": "pip-compile (resolve-cold)",
      "mean": 5.0649338424999995,
      "stddev": 0.5599976999525084,
      "median": 4.8102546636,
      "user": 1.4446361399999996,
      "system": 0.5639760399999999,
      "min": 4.5114582671,
      "max": 5.9852976421,
      "times": [
        4.7044773921,
        4.5751174341,
        4.5114582671,
        4.8290259761,
        5.5687965591,
        5.9852976421,
        5.9697154761,
        4.9266287261,
        4.7914833511,
        4.7873376011
      ],
      "exit_codes": [
        0,
        0,
        0,
        0,
        0,
        0,
        0,
        0,
        0,
        0
      ]
    },
    {
      "command": "poetry (resolve-cold)",
      "mean": 4.6622381133,
      "stddev": 0.23449924170131273,
      "median": 4.5722386426,
      "user": 1.4188005399999999,
      "system": 0.50976364,
      "min": 4.3645298921,
      "max": 5.0825419761,
      "times": [
        4.3645298921,
        4.9825453091,
        4.5727296841,
        4.6914243091,
        4.5414721011,
        4.514270017099999,
        4.5717476011,
        5.0825419761,
        4.4592188511,
        4.8419013921
      ],
      "exit_codes": [
        0,
        0,
        0,
        0,
        0,
        0,
        0,
        0,
        0,
        0
      ]
    },
    {
      "command": "puffin (resolve-cold)",
      "mean": 0.5327319173,
      "stddev": 0.03738510259897467,
      "median": 0.5444000795999999,
      "user": 0.13548063999999999,
      "system": 0.09425203999999997,
      "min": 0.45423472610000004,
      "max": 0.5860650591000001,
      "times": [
        0.5541178921000001,
        0.5592431421,
        0.5860650591000001,
        0.5511279341,
        0.5264205591000001,
        0.5073468091000001,
        0.45423472610000004,
        0.5490703921,
        0.5397297671,
        0.4999628921
      ],
      "exit_codes": [
        0,
        0,
        0,
        0,
        0,
        0,
        0,
        0,
        0,
        0
      ]
    }
  ]
}
