{
  "results": [
    {
      "command": "pip-compile (resolve-warm)",
      "mean": 1.55616658094,
      "stddev": 0.14160199144695235,
      "median": 1.5410709263400002,
      "user": 0.7947676799999999,
      "system": 0.11289331999999996,
      "min": 1.33024626034,
      "max": 1.76210763534,
      "times": [
        1.64937551034,
        1.7490341763400001,
        1.76210763534,
        1.6144761353400001,
        1.49065159334,
        1.4993413853400002,
        1.55118005134,
        1.5309618013400002,
        1.38429126034,
        1.33024626034
      ],
      "exit_codes": [
        0,
        0,
        0,
        0,
        0,
        0,
        0,
        0,
        0,
        0
      ]
    },
    {
      "command": "poetry (resolve-warm)",
      "mean": 0.6027870267400002,
      "stddev": 0.002275405698252415,
      "median": 0.60224846834,
      "user": 0.5271206799999999,
      "system": 0.054774219999999985,
      "min": 0.6000536763400001,
      "max": 0.60782046834,
      "times": [
        0.6011408853400001,
        0.6000536763400001,
        0.60782046834,
        0.60456863534,
        0.6009671763400001,
        0.60197730134,
        0.60148288534,
        0.6025196353400001,
        0.60311834334,
        0.6042212603400001
      ],
      "exit_codes": [
        0,
        0,
        0,
        0,
        0,
        0,
        0,
        0,
        0,
        0
      ]
    },
    {
      "command": "pdm (resolve-warm)",
      "mean": 3.3740443308400003,
      "stddev": 0.21786544906034017,
      "median": 3.36310765584,
      "user": 1.70343898,
      "system": 0.19964862,
      "min": 3.11536684334,
      "max": 3.8035870103400002,
      "times": [
        3.41189576034,
        3.32916017634,
        3.13323888534,
        3.5396621763400002,
        3.29572746834,
        3.11536684334,
        3.39705513534,
        3.55698030134,
        3.15776955134,
        3.8035870103400002
      ],
      "exit_codes": [
        0,
        0,
        0,
        0,
        0,
        0,
        0,
        0,
        0,
        0
      ]
    },
    {
      "command": "puffin (resolve-warm)",
      "mean": 0.013475636978554216,
      "stddev": 0.0005872655263789053,
      "median": 0.01344142684,
      "user": 0.008261828192771088,
      "system": 0.03382192481927709,
      "min": 0.01227688534,
      "max": 0.01508484334,
      "times": [
        0.01354480134,
        0.01370788534,
        0.013206343340000001,
        0.01281805134,
        0.01259451034,
        0.01384630134,
        0.01434505134,
        0.013666551340000001,
        0.01318938534,
        0.01239176034,
        0.01335159334,
        0.012984593340000001,
        0.01332417634,
        0.01369784334,
        0.013737551340000001,
        0.01494817634,
        0.01366230134,
        0.013171385340000001,
        0.01397255134,
        0.01308851034,
        0.01368401034,
        0.01330105134,
        0.01301976034,
        0.01227688534,
        0.01415921834,
        0.01274917634,
        0.01288113534,
        0.014160426339999999,
        0.014106135340000001,
        0.01349530134,
        0.013681385340000001,
        0.01372034334,
        0.01263601034,
        0.01277355134,
        0.01319346834,
        0.01228813534,
        0.01508484334,
        0.014339801340000001,
        0.013495968340000001,
        0.01287271834,
        0.01285634334,
        0.01371926034,
        0.01316584334,
        0.01290151034,
        0.01304930134,
        0.014046843340000002,
        0.012958926340000001,
        0.01299130134,
        0.014342885340000002,
        0.013104093340000001,
        0.01388871834,
        0.01474921834,
        0.014024176340000001,
        0.01426771834,
        0.013350135340000001,
        0.01301246834,
        0.01258555134,
        0.01472638534,
        0.01304134334,
        0.01356246834,
        0.01428588534,
        0.012888968340000001,
        0.01367234334,
        0.01283446834,
        0.01383034334,
        0.012515968340000001,
        0.013126593340000001,
        0.01236084334,
        0.01382788534,
        0.01329138534,
        0.01258596834,
        0.01308784334,
        0.01313796834,
        0.013411093340000001,
        0.01350713534,
        0.01264963534,
        0.01323821834,
        0.01378751034,
        0.01334459334,
        0.01349067634,
        0.01382230134,
        0.012712301340000001,
        0.01328171834,
        0.01281996834,
        0.013935426340000001,
        0.01412251034,
        0.01387046834,
        0.01377934334,
        0.014389426339999999,
        0.01267809334,
        0.01347821834,
        0.01321363534,
        0.01322030134,
        0.01351817634,
        0.01391996834,
        0.01309555134,
        0.01335905134,
        0.01397734334,
        0.01339159334,
        0.01339705134,
        0.01366584334,
        0.01380734334,
        0.013267343340000001,
        0.01378530134,
        0.01340338534,
        0.01414117634,
        0.01335134334,
        0.01314309334,
        0.01286034334,
        0.01380792634,
        0.01356680134,
        0.01292601034,
        0.012928843340000001,
        0.01370592634,
        0.01336046834,
        0.012630468340000001,
        0.01230384334,
        0.01381146834,
        0.01409838534,
        0.01303209334,
        0.01437901034,
        0.013640343340000001,
        0.012963926340000001,
        0.01335834334,
        0.014047760340000002,
        0.01272930134,
        0.01269209334,
        0.01265230134,
        0.01240746834,
        0.01366688534,
        0.01369826034,
        0.01396101034,
        0.013678926340000001,
        0.014204676340000002,
        0.01326467634,
        0.01335355134,
        0.01334680134,
        0.014377676340000001,
        0.013087426340000001,
        0.01375255134,
        0.014084593340000002,
        0.01347176034,
        0.01380942634,
        0.01352946834,
        0.01400830134,
        0.014340301340000002,
        0.013585885340000001,
        0.01308667634,
        0.01323809334,
        0.013593093340000001,
        0.01435138534,
        0.01338963534,
        0.01335230134,
        0.01493192634,
        0.01305305134,
        0.01455638534,
        0.014005760340000001,
        0.01382717634,
        0.013605676340000001,
        0.01324605134,
        0.01270005134,
        0.013127051340000001,
        0.01378688534,
        0.014823093340000001,
        0.01442934334,
        0.01379105134
      ],