{
  "results": [
    {
      "command": "puffin (resolve-warm)",
      "mean": 0.015901313668372098,
      "stddev": 0.0005954109666706864,
      "median": 0.015735101180000002,
      "user": 0.010936692248062008,
      "system": 0.00994353720930233,
      "min": 0.01501418418,
      "max": 0.018661809180000002,
      "times": [
        0.017838976180000004,
        0.016359309180000003,
        0.015565309180000002,
        0.015235976180000001,
        0.015863892180000002,
        0.015567017180000002,
        0.01656905918,
        0.016031392180000003,
        0.01603755918,
        0.01556160118,
        0.01541251718,
        0.01547464218,
        0.015735101180000002,
        0.01531410118,
        0.01556072618,
        0.01533830918,
        0.01553089218,
        0.01625435118,
        0.01602276718,
        0.01534030918,
        0.017177934180000003,
        0.01615385118,
        0.01559285118,
        0.01545001718,
        0.016788184180000002,
        0.016749726180000004,
        0.015761059180000002,
        0.01522514218,
        0.015799559180000002,
        0.01535960118,
        0.01565280918,
        0.015122142180000001,
        0.016250392180000003,
        0.01561868418,
        0.015653809180000002,
        0.015130809180000001,
        0.016269476180000002,
        0.015689142180000004,
        0.016096601180000003,
        0.016108267180000004,
        0.01606451718,
        0.016299517180000004,
        0.016027767180000003,
        0.017179642180000003,
        0.01637805918,
        0.015398851180000001,
        0.01612664218,
        0.015232851180000001,
        0.016758184180000003,
        0.01527543418,
        0.015631392180000002,
        0.01524668418,
        0.015463517180000002,
        0.015656976180000004,
        0.01626718418,
        0.016866309180000004,
        0.016862309180000003,
        0.01576239218,
        0.01501997618,
        0.01590618418,
        0.015651934180000004,
        0.015676642180000002,
        0.01530230918,
        0.01611639218,
        0.01561505918,
        0.015386517180000002,
        0.015460309180000001,
        0.015685517180000004,
        0.016174309180000002,
        0.015788809180000002,
        0.016269684180000004,
        0.015732017180000002,
        0.015403267180000001,
        0.01518960118,
        0.015381851180000001,
        0.018661809180000002,
        0.015834142180000003,
        0.016584559180000003,
        0.01518235118,
        0.01668330918,
        0.015684642180000003,
        0.015715934180000002,
        0.01538243418,
        0.01690026718,
        0.01571893418,
        0.016531892180000004,
        0.01680376718,
        0.01687522618,
        0.01629155918,
        0.016256851180000004,
        0.016487142180000004,
        0.016474892180000002,
        0.016936517180000003,
        0.01603597618,
        0.016980892180000002,
        0.01613310118,
        0.016488726180000003,
        0.015701726180000004,
        0.01572555918,
        0.015980392180000004,
        0.01640568418,
        0.01527635118,
        0.016103642180000002,
        0.01646493418,
        0.015694101180000003,
        0.015254351180000002,
        0.01577689218,
        0.01568755918,
        0.01593226718,
        0.015625892180000003,
        0.01559118418,
        0.01577105918,
        0.015612267180000002,
        0.01501418418,
        0.016120101180000002,
        0.015441392180000001,
        0.01539147618,
        0.015794309180000004,
        0.015794642180000002,
        0.015050892180000002,
        0.015668851180000002,
        0.01551855918,
        0.01612285118,
        0.015071267180000002,
        0.015228434180000002,
        0.016507767180000004,
        0.015793309180000003,
        0.01550793418,
        0.015472226180000001
      ],
      "exit_codes": [
        0,
        0,
        0,
        0,
        0,
        0,
        0,
        0,
        0,
        0,
        0,
        0,
        0,
        0,
        0,
        0,
        0,
        0,
        0,
        0,
        0,
        0,
        0,
        0,
        0,
        0,
        0,
        0,
        0,
        0,
        0,
        0,
        0,
        0,
        0,
        0,
        0,
        0,
        0,
        0,
        0,
        0,
        0,
        0,
        0,
        0,
        0,
        0,
        0,
        0,
        0,
        0,
        0,
        0,
        0,
        0,
        0,
        0,
        0,
        0,
        0,
        0,
        0,
        0,
        0,
        0,
        0,
        0,
        0,
        0,
        0,
        0,
        0,
        0,
        0,
        0,
        0,
        0,
        0,
        0,
        0,
        0,
        0,
        0,
        0,
        0,
        0,
        0,
        0,
        0,
        0,
        0,
        0,
        0,
        0,
        0,
        0,
        0,
        0,
        0,
        0,
        0,
        0,
        0,
        0,
        0,
        0,
        0,
        0,
        0,
        0,
        0,
        0,
        0,
        0,
        0,
        0,
        0,
        0,
        0,
        0,
        0,
        0,
        0,
        0,
        0,
        0,
        0,
        0
      ]
    }
  ]
}
