{
  "results": [
    {
      "command": "pip-compile (resolve-cold)",
      "mean": 4.55539718412,
      "stddev": 0.1590212273730435,
      "median": 4.59798214662,
      "user": 1.3322074799999999,
      "system": 0.49871575999999995,
      "min": 4.26497293862,
      "max": 4.7775634386200005,
      "times": [
        4.63859022962,
        4.30246672962,
        4.60434422962,
        4.57054852162,
        4.59162006362,
        4.61293302162,
        4.7775634386200005,
        4.26497293862,
        4.67462393862,
        4.51630872962
      ],
      "exit_codes": [
        0,
        0,
        0,
        0,
        0,
        0,
        0,
        0,
        0,
        0
      ]
    },
    {
      "command": "poetry (resolve-cold)",
      "mean": 4.29568500932,
      "stddev": 0.15415040286211587,
      "median": 4.33037491762,
      "user": 1.30359258,
      "system": 0.4465347599999999,
      "min": 4.11023456362,
      "max": 4.57854456362,
      "times": [
        4.32379489662,
        4.33695493862,
        4.15377835462,
        4.15684552162,
        4.57854456362,
        4.12439706362,
        4.11023456362,
        4.41641781362,
        4.3707189386200005,
        4.38516343862
      ],
      "exit_codes": [
        0,
        0,
        0,
        0,
        0,
        0,
        0,
        0,
        0,
        0
      ]
    },
    {
      "command": "pdm (resolve-cold)",
      "mean": 7.217383604919999,
      "stddev": 0.16402400363641742,
      "median": 7.19948643812,
      "user": 2.80385638,
      "system": 0.5886522599999999,
      "min": 6.99572056362,
      "max": 7.56356377162,
      "times": [
        7.30914735462,
        7.15856127162,
        7.29896210462,
        7.11528589662,
        7.05815389662,
        7.24041160462,
        7.56356377162,
        6.99572056362,
        7.31271052162,
        7.12131906362
      ],
      "exit_codes": [
        0,
        0,
        0,
        0,
        0,
        0,
        0,
        0,
        0,
        0
      ]
    },
    {
      "command": "puffin (resolve-cold)",
      "mean": 0.50043709662,
      "stddev": 0.02667095516352341,
      "median": 0.49871718812000004,
      "user": 0.11233507999999999,
      "system": 0.11242205999999999,
      "min": 0.45927285462000006,
      "max": 0.53505097962,
      "times": [
        0.49311806362000005,
        0.45927285462000006,
        0.52898943862,
        0.50045947962,
        0.50323027162,
        0.49697489662000005,
        0.49635389662,
        0.53505097962,
        0.5312001886200001,
        0.45972089662000004
      ],
      "exit_codes": [
        0,
        0,
        0,
        0,
        0,
        0,
        0,
        0,
        0,
        0
      ]
    }
  ]
}
