{
  "results": [
    {
      "command": "pip-compile (resolve-warm)",
      "mean": 1.3050680682800002,
      "stddev": 0.05108087804796404,
      "median": 1.31975674718,
      "user": 0.7697479200000001,
      "system": 0.10732072,
      "min": 1.2192452061799999,
      "max": 1.37264937218,
      "times": [
        1.28775683118,
        1.33163524718,
        1.2192452061799999,
        1.23236937218,
        1.30787824718,
        1.37264937218,
        1.33242483118,
        1.27473516418,
        1.35680537218,
        1.3351810391799999
      ],
      "exit_codes": [
        0,
        0,
        0,
        0,
        0,
        0,
        0,
        0,
        0,
        0
      ]
    },
    {
      "command": "poetry (resolve-warm)",
      "mean": 0.65063901828,
      "stddev": 0.02263038947098224,
      "median": 0.64552987218,
      "user": 0.5653787199999999,
      "system": 0.06072192,
      "min": 0.62617999718,
      "max": 0.69258249718,
      "times": [
        0.66963753918,
        0.67250266418,
        0.69258249718,
        0.64871787218,
        0.62748233118,
        0.64234187218,
        0.66149103918,
        0.63744678918,
        0.62800758118,
        0.62617999718
      ],
      "exit_codes": [
        0,
        0,
        0,
        0,
        0,
        0,
        0,
        0,
        0,
        0
      ]
    },
    {
      "command": "pdm (resolve-cold)",
      "mean": 2.93974234738,
      "stddev": 0.1045479778590282,
      "median": 2.9252676846800005,
      "user": 1.5727954199999998,
      "system": 0.21105662,
      "min": 2.7952519971800003,
      "max": 3.0896259561800004,
      "times": [
        3.07791103918,
        2.7952519971800003,
        3.0896259561800004,
        2.96367724718,
        2.9183537471800003,
        3.0452002471800004,
        2.8427081221800004,
        2.9321816221800003,
        2.8243367061800004,
        2.90817678918
      ],
      "exit_codes": [
        0,
        0,
        0,
        0,
        0,
        0,
        0,
        0,
        0,
        0
      ]
    },
    {
      "command": "puffin (resolve-warm)",
      "mean": 0.016192431766206904,
      "stddev": 0.000635110986291976,
      "median": 0.016112684680000003,
      "user": 0.011145282068965518,
      "system": 0.009903401034482758,
      "min": 0.015138331180000002,
      "max": 0.020155872180000003,
      "times": [
        0.020155872180000003,
        0.01656353918,
        0.01747483118,
        0.01624462218,
        0.01630078918,
        0.01695424718,
        0.016418331180000002,
        0.01632128918,
        0.01611433118,
        0.01664224718,
        0.01635820618,
        0.01589153918,
        0.015784247180000002,
        0.01602045618,
        0.016992914180000002,
        0.015932831180000002,
        0.01520678918,
        0.01561753918,
        0.015932706180000002,
        0.01565462218,
        0.01570883118,
        0.01574537218,
        0.015875664180000002,
        0.01550541418,
        0.016770664180000002,
        0.016519331180000003,
        0.015893164180000002,
        0.01597062218,
        0.01635470618,
        0.016082122180000002,
        0.01596924718,
        0.01670908118,
        0.016116081180000002,
        0.01611187218,
        0.01546270618,
        0.015607289180000001,
        0.016087164180000002,
        0.01637249718,
        0.01592166418,
        0.01574020618,
        0.016551914180000002,
        0.017552997180000002,
        0.016253664180000002,
        0.01649283118,
        0.016085747180000002,
        0.016225122180000003,
        0.01625099718,
        0.01602916418,
        0.016040747180000002,
        0.01635449718,
        0.01589241418,
        0.01580283118,
        0.01606962218,
        0.015888122180000002,
        0.016113747180000002,
        0.01626474718,
        0.01619733118,
        0.01612337218,
        0.015871372180000003,
        0.016842122180000002,
        0.01740795618,
        0.01633466418,
        0.01595620618,
        0.01570574718,
        0.01654816418,
        0.015705414180000002,
        0.01560445618,
        0.016798289180000002,
        0.016545539180000002,
        0.01601533118,
        0.016308497180000003,
        0.015612039180000002,
        0.01656166418,
        0.01550291418,
        0.01590395618,
        0.017144122180000002,
        0.01640724718,
        0.01622808118,
        0.016113497180000002,
        0.016363997180000003,
        0.01781937218,
        0.015943456180000003,
        0.01636428918,
        0.01551720618,
        0.016577831180000002,
        0.015138331180000002,
        0.01613670618,
        0.01588337218,
        0.015703956180000003,
        0.015873831180000002,
        0.01673491418,
        0.01557308118,
        0.015975122180000002,
        0.015253497180000002,
        0.01596403918,
        0.01571453918,
        0.015624664180000001,
        0.015213289180000002,
        0.01611562218,
        0.015834164180000002,
        0.016474372180000002,
        0.015974206180000002,
        0.01619653918,
        0.01587483118,
        0.01606987218,
        0.01850612218,
        0.015790747180000002,
        0.01616445618,
        0.016224747180000002,
        0.01621858118,
        0.015957081180000002,
        0.01622699718,
        0.016030622180000002,
        0.01638245618,
        0.016244956180000002,
        0.016247414180000003
      ],
      "exit_codes": [
        0,
        0,
        0,
        0,
        0,
        0,
        0,
        0,
        0,
        0,
        0,
        0,
        0,
        0,
        0,
        0,
        0,
        0,
        0,
        0,
        0,
        0,
        0,
        0,
        0,
        0,
        0,
        0,
        0,
        0,
        0,
        0,
        0,
        0,
        0,
        0,
        0,
        0,
        0,
        0,
        0,
        0,
        0,
        0,
        0,
        0,
        0,
        0,
        0,
        0,
        0,
        0,
        0,
        0,
        0,
        0,
        0,
        0,
        0,
        0,
        0,
        0,
        0,
        0,
        0,
        0,
        0,
        0,
        0,
        0,
        0,
        0,
        0,
        0,
        0,
        0,
        0,
        0,
        0,
        0,
        0,
        0,
        0,
        0,
        0,
        0,
        0,
        0,
        0,
        0,
        0,
        0,
        0,
        0,
        0,
        0,
        0,
        0,
        0,
        0,
        0,
        0,
        0,
        0,
        0,
        0,
        0,
        0,
        0,
        0,
        0,
        0,
        0,
        0,
        0,
        0
      ]
    }
  ]
}
