{
  "results": [
    {
      "command": "pip-compile (resolve-cold)",
      "mean": 4.923244231,
      "stddev": 0.21008187396136396,
      "median": 4.9184580977,
      "user": 1.4556840999999998,
      "system": 0.51644056,
      "min": 4.571056014200001,
      "max": 5.2787515142000005,
      "times": [
        4.928199681200001,
        5.0624638892,
        4.571056014200001,
        5.2787515142000005,
        4.8341138062,
        4.7242499312,
        4.9087165142,
        4.7627808062,
        5.1261652222,
        5.0359449312
      ],
      "exit_codes": [
        0,
        0,
        0,
        0,
        0,
        0,
        0,
        0,
        0,
        0
      ]
    },
    {
      "command": "poetry (resolve-cold)",
      "mean": 4.2901773767,
      "stddev": 0.4448659273744145,
      "median": 4.110979034700001,
      "user": 1.3985556000000001,
      "system": 0.43902436,
      "min": 3.7945788062,
      "max": 4.9309121812,
      "times": [
        4.9309121812,
        4.7359818892000005,
        4.654267139200001,
        4.8303151812000005,
        3.9061944721999997,
        3.7945788062,
        4.0534480972,
        4.168509972200001,
        3.9013667222,
        3.9261993062
      ],
      "exit_codes": [
        0,
        0,
        0,
        0,
        0,
        0,
        0,
        0,
        0,
        0
      ]
    },
    {
      "command": "pdm (resolve-cold)",
      "mean": 6.325468768400001,
      "stddev": 0.12328014875730299,
      "median": 6.328404514200001,
      "user": 2.6024556,
      "system": 0.55179106,
      "min": 6.148754681200001,
      "max": 6.504665306200001,
      "times": [
        6.403645222200001,
        6.3427224312,
        6.4947243892,
        6.3140865972,
        6.3777678892,
        6.504665306200001,
        6.148754681200001,
        6.273621389200001,
        6.195904389200001,
        6.198795389200001
      ],
      "exit_codes": [
        0,
        0,
        0,
        0,
        0,
        0,
        0,
        0,
        0,
        0
      ]
    },
    {
      "command": "puffin (resolve-cold)",
      "mean": 0.4590309517000001,
      "stddev": 0.035827197183602166,
      "median": 0.4559262852,
      "user": 0.11281940000000001,
      "system": 0.09004966,
      "min": 0.3960390972,
      "max": 0.5187995142,
      "times": [
        0.4540516392,
        0.4373320972,
        0.45780093120000004,
        0.4854391812,
        0.4249160562,
        0.44933488920000003,
        0.4694800972,
        0.5187995142,
        0.3960390972,
        0.4971160142
      ],
      "exit_codes": [
        0,
        0,
        0,
        0,
        0,
        0,
        0,
        0,
        0,
        0
      ]
    }
  ]
}
