{
  "results": [
    {
      "command": "pip-sync (install-warm)",
      "mean": 3.79217659508,
      "stddev": 0.033901425849980855,
      "median": 3.7941523113800004,
      "user": 2.65023972,
      "system": 0.6667698,
      "min": 3.7427996248800004,
      "max": 3.85849712488,
      "times": [
        3.76121474988,
        3.7427996248800004,
        3.76520199988,
        3.77124470688,
        3.7920379158800004,
        3.85849712488,
        3.82028654088,
        3.8151713318800002,
        3.7962667068800005,
        3.79904524888
      ],
      "exit_codes": [
        0,
        0,
        0,
        0,
        0,
        0,
        0,
        0,
        0,
        0
      ]
    },
    {
      "command": "poetry (install-warm)",
      "mean": 0.9150262200800002,
      "stddev": 0.025663460425716874,
      "median": 0.9026982073800001,
      "user": 0.7778747199999999,
      "system": 0.5682446999999999,
      "min": 0.8899995408800001,
      "max": 0.97176808288,
      "times": [
        0.8899995408800001,
        0.90173062388,
        0.8930807498800001,
        0.90299729088,
        0.9023991238800001,
        0.89664187388,
        0.92580708288,
        0.9294173738800001,
        0.97176808288,
        0.9364204578800001
      ],
      "exit_codes": [
        0,
        0,
        0,
        0,
        0,
        0,
        0,
        0,
        0,
        0
      ]
    },
    {
      "command": "pdm (install-warm)",
      "mean": 1.81407474928,
      "stddev": 0.04456195096149464,
      "median": 1.81331883238,
      "user": 1.97961922,
      "system": 1.042878,
      "min": 1.75915758288,
      "max": 1.89382579088,
      "times": [
        1.79720674888,
        1.75972954088,
        1.89382579088,
        1.75915758288,
        1.83095770788,
        1.82943091588,
        1.77790816588,
        1.7910018318799998,
        1.84065683288,
        1.86087237488
      ],
      "exit_codes": [
        0,
        0,
        0,
        0,
        0,
        0,
        0,
        0,
        0,
        0
      ]
    },
    {
      "command": "uv (install-cold)",
      "mean": 0.05670927018000001,
      "stddev": 0.0053368707330424155,
      "median": 0.05552270788000001,
      "user": 0.00987552,
      "system": 0.17594749999999998,
      "min": 0.05190245788,
      "max": 0.07085195688000001,
      "times": [
        0.054613873880000004,
        0.05681708288000001,
        0.055570832880000004,
        0.05515512488,
        0.055474582880000005,
        0.057945374880000004,
        0.05190245788,
        0.07085195688000001,
        0.052013415880000004,
        0.056747998880000004
      ],
      "exit_codes": [
        0,
        0,
        0,
        0,
        0,
        0,
        0,
        0,
        0,
        0
      ]
    }
  ]
}
