{
  "results": [
    {
      "command": "pip-sync (install-cold)",
      "mean": 7.167807601679999,
      "stddev": 0.5921453530777211,
      "median": 6.9547934936799995,
      "user": 3.2447745599999998,
      "system": 1.00452204,
      "min": 6.86914074268,
      "max": 8.83194320168,
      "times": [
        7.065937743679999,
        6.91486545168,
        6.95508474368,
        8.83194320168,
        6.86914074268,
        6.91129836768,
        7.1479815766799994,
        7.109463035679999,
        6.91785890968,
        6.9545022436799995
      ],
      "exit_codes": [
        0,
        0,
        0,
        0,
        0,
        0,
        0,
        0,
        0,
        0
      ]
    },
    {
      "command": "poetry (install-cold)",
      "mean": 2.47264296428,
      "stddev": 0.3322038400237458,
      "median": 2.33057299318,
      "user": 0.98934496,
      "system": 0.7873796399999999,
      "min": 2.17178107668,
      "max": 3.2606861186800002,
      "times": [
        2.26352807668,
        2.30223128468,
        2.67449961868,
        2.26856307668,
        2.6107710766800003,
        2.2002433686800003,
        3.2606861186800002,
        2.61521124368,
        2.17178107668,
        2.3589147016800003
      ],
      "exit_codes": [
        0,
        0,
        0,
        0,
        0,
        0,
        0,
        0,
        0,
        0
      ]
    },
    {
      "command": "pdm (install-cold)",
      "mean": 2.11031696438,
      "stddev": 0.08646940489483271,
      "median": 2.08120811868,
      "user": 2.1066237599999997,
      "system": 1.2236058399999998,
      "min": 2.03076295168,
      "max": 2.33646145168,
      "times": [
        2.08103374368,
        2.07909311868,
        2.1650983686800003,
        2.10624511868,
        2.33646145168,
        2.06127982668,
        2.03076295168,
        2.08138249368,
        2.08146011868,
        2.08035245168
      ],
      "exit_codes": [
        0,
        0,
        0,
        0,
        0,
        0,
        0,
        0,
        0,
        0
      ]
    },
    {
      "command": "uv (install-cold)",
      "mean": 1.11300116028,
      "stddev": 0.1293411134492004,
      "median": 1.14911132718,
      "user": 0.45628806000000005,
      "system": 0.6819176399999999,
      "min": 0.89970645168,
      "max": 1.24961524368,
      "times": [
        1.2463995356800002,
        0.91391182668,
        1.0584747436800002,
        1.04721245168,
        1.1633120356800002,
        1.24961524368,
        1.1920917016800001,
        1.22437699368,
        0.89970645168,
        1.13491061868
      ],
      "exit_codes": [
        0,
        0,
        0,
        0,
        0,
        0,
        0,
        0,
        0,
        0
      ]
    }
  ]
}
