{
  "results": [
    {
      "command": "pip-compile (resolve-warm)",
      "mean": 1.22334291078,
      "stddev": 0.048491572165805595,
      "median": 1.21120115248,
      "user": 0.6841664599999999,
      "system": 0.09047885999999998,
      "min": 1.17700363198,
      "max": 1.34850379798,
      "times": [
        1.20053138098,
        1.34850379798,
        1.18275550698,
        1.17700363198,
        1.21607596498,
        1.22976513198,
        1.22289658998,
        1.20632633998,
        1.24471821498,
        1.20485254798
      ],
      "exit_codes": [
        0,
        0,
        0,
        0,
        0,
        0,
        0,
        0,
        0,
        0
      ]
    },
    {
      "command": "poetry (resolve-warm)",
      "mean": 0.5712806566799999,
      "stddev": 0.0025037636339923803,
      "median": 0.57067840248,
      "user": 0.51055776,
      "system": 0.05535235999999999,
      "min": 0.56809875698,
      "max": 0.57466479798,
      "times": [
        0.56809875698,
        0.57437471498,
        0.57456729898,
        0.56933688198,
        0.56944079798,
        0.56976363098,
        0.57183108998,
        0.57159317398,
        0.57466479798,
        0.56913542298
      ],
      "exit_codes": [
        0,
        0,
        0,
        0,
        0,
        0,
        0,
        0,
        0,
        0
      ]
    },
    {
      "command": "pdm (resolve-warm)",
      "mean": 2.00597140258,
      "stddev": 0.012657933122862385,
      "median": 2.0044269859800004,
      "user": 1.8937770600000001,
      "system": 0.14315876,
      "min": 1.99294663198,
      "max": 2.0358017149800003,
      "times": [
        1.99667571498,
        1.99294663198,
        1.9989075059799999,
        2.0104267569800003,
        1.99334046498,
        2.00412071498,
        2.01267300698,
        2.0358017149800003,
        2.01008825698,
        2.0047332569800003
      ],
      "exit_codes": [
        0,
        0,
        0,
        0,
        0,
        0,
        0,
        0,
        0,
        0
      ]
    },
    {
      "command": "uv (resolve-warm)",
      "mean": 0.011319912996483517,
      "stddev": 0.0004465362624843553,
      "median": 0.01124925698,
      "user": 0.00848939296703297,
      "system": 0.01661968637362637,
      "min": 0.01056617298,
      "max": 0.01325879798,
      "times": [
        0.01183000698,
        0.01109413098,
        0.01207454898,
        0.01081033998,
        0.01130354798,
        0.01112529798,
        0.01163258998,
        0.011896047980000001,
        0.010953589980000001,
        0.01093488098,
        0.01248100698,
        0.01223467298,
        0.01161721498,
        0.011244423980000001,
        0.011169630980000001,
        0.01157454798,
        0.01119913198,
        0.01138467298,
        0.01109054898,
        0.01219042298,
        0.01097508998,
        0.010624923980000001,
        0.01072650698,
        0.011997714980000001,
        0.01153913198,
        0.01161954798,
        0.01141308998,
        0.01176321498,
        0.01107292298,
        0.01107542398,
        0.01115625598,
        0.01146992298,
        0.01165617398,
        0.01120425698,
        0.01177133998,
        0.011599214980000001,
        0.01097900698,
        0.01084588098,
        0.01154258998,
        0.011210797980000001,
        0.01070833998,
        0.01131933998,
        0.01114867398,
        0.01130800698,
        0.01153300598,
        0.010927381980000001,
        0.01093413098,
        0.011077798980000001,
        0.01185050598,
        0.01118067298,
        0.011367756980000001,
        0.010956881980000001,
        0.011594089980000001,
        0.01120396498,
        0.011165214980000001,
        0.010808089980000001,
        0.011124422980000001,
        0.01142004798,
        0.01149163198,
        0.01129821498,
        0.011176923980000001,
        0.010750173980000001,
        0.01097038198,
        0.01156650698,
        0.01164663198,
        0.011262797980000001,
        0.010579089980000001,
        0.01188608998,
        0.010946173980000001,
        0.01101325698,
        0.010823839980000001,
        0.01145408998,
        0.01082100698,
        0.01074392298,
        0.010733672980000001,
        0.010622589980000001,
        0.01140404798,
        0.01120567398,
        0.01144825598,
        0.011485756980000001,
        0.011143047980000001,
        0.01113254898,
        0.011137589980000001,
        0.01157913198,
        0.011418464980000001,
        0.011011547980000001,
        0.01159004898,
        0.01079296498,
        0.01179763198,
        0.01114221498,
        0.01219625698,
        0.011476297980000001,
        0.01168188098,
        0.01134650698,
        0.01134050598,
        0.012051839980000001,
        0.01280313098,
        0.01325879798,
        0.01244892298,
        0.01214421498,
        0.011367505980000001,
        0.011239423980000001,
        0.012290839980000001,
        0.011762672980000001,
        0.01182175698,
        0.01115338198,
        0.01134463198,
        0.01093071498,
        0.01171250698,
        0.011683631980000001,
        0.011299214980000001,
        0.011021131980000001,
        0.01056617298,
        0.01167308998,
        0.011834506980000001,
        0.01147521498,
        0.01147088098,
        0.01110713198,
        0.01064433998,
        0.01069433998,
        0.01151575698,
        0.01111163198,
        0.011343380980000001,
        0.01118025698,
        0.01219367298,
        0.012278881980000001,
        0.01165838198,
        0.011339380980000001,
        0.01128654898,
        0.011215714980000001,
        0.010627256980000001,
        0.01077525698,
        0.010657547980000001,
        0.01099850598,
        0.011040589980000001,
        0.010919089980000001,
        0.010983339980000001,
        0.01114338198,
        0.011649339980000001,
        0.01103125598,
        0.01067217298,
        0.01091258998,
        0.01096238198,
        0.01169054798,
        0.01105454898,
        0.01158596498,
        0.01119829798,
        0.011903505980000001,
        0.01139379798,
        0.01099808998,
        0.01083554898,
        0.010935756980000001,
        0.01174117298,
        0.01138975698,
        0.011282630980000001,
        0.011507547980000001,
        0.011261422980000001,
        0.01091367298,
        0.01175383998,
        0.01107458998,
        0.010842256980000001,
        0.01177688198,
        0.011642672980000001,
        0.011200089980000001,
        0.01121050598,
        0.011254089980000001,
        0.01154604798,
        0.01180413198,
        0.010787672980000001,
        0.010923380980000001,
        0.010945214980000001,
        0.01092404798,
        0.01109163198,
        0.01147404798,
        0.01079088098,
        0.01092167298,
        0.01067046498,
        0.011282255980000001,
        0.01120108998,
        0.01155463198,
        0.01158429798,
        0.01114921498
      ],