{
  "results": [
    {
      "command": "pip-compile (resolve-cold)",
      "mean": 3.982323871620001,
      "stddev": 0.14238282341630518,
      "median": 3.9641154173200004,
      "user": 0.9737568799999998,
      "system": 0.29180059999999997,
      "min": 3.78433306332,
      "max": 4.20113102132,
      "times": [
        3.92079218832,
        3.78433306332,
        3.81998952132,
        3.9751406463200003,
        3.88032393832,
        4.20113102132,
        4.01783168832,
        3.95309018832,
        4.08115560532,
        4.1894508553200005
      ],
      "exit_codes": [
        0,
        0,
        0,
        0,
        0,
        0,
        0,
        0,
        0,
        0
      ]
    },
    {
      "command": "poetry (resolve-cold)",
      "mean": 3.5296962258200004,
      "stddev": 0.322289809943552,
      "median": 3.41776989682,
      "user": 1.08511358,
      "system": 0.36184120000000003,
      "min": 3.28630489632,
      "max": 4.37915593832,
      "times": [
        3.41287106332,
        3.42266873032,
        3.37793493832,
        3.39012256332,
        3.42737014632,
        3.56921414632,
        3.28630489632,
        3.70797960532,
        4.37915593832,
        3.32334023032
      ],
      "exit_codes": [
        0,
        0,
        0,
        0,
        0,
        0,
        0,
        0,
        0,
        0
      ]
    },
    {
      "command": "pdm (resolve-cold)",
      "mean": 3.23870247172,
      "stddev": 0.04902352346580792,
      "median": 3.24445158432,
      "user": 2.14466248,
      "system": 0.2300591,
      "min": 3.16040697932,
      "max": 3.29575935532,
      "times": [
        3.16880393832,
        3.26686181332,
        3.16040697932,
        3.29575935532,
        3.29299060532,
        3.21569214732,
        3.25577302132,
        3.23313014732,
        3.28459539632,
        3.21301131332
      ],
      "exit_codes": [
        0,
        0,
        0,
        0,
        0,
        0,
        0,
        0,
        0,
        0
      ]
    },
    {
      "command": "uv (resolve-cold)",
      "mean": 0.36471326752,
      "stddev": 0.020845419895803245,
      "median": 0.36235072982,
      "user": 0.12339177999999999,
      "system": 0.059959799999999994,
      "min": 0.33438331332,
      "max": 0.39503248032,
      "times": [
        0.39503248032,
        0.34990281332,
        0.38266739632,
        0.36828002132,
        0.37022773032,
        0.35642143832,
        0.39345202232,
        0.34296293832,
        0.35380252132,
        0.33438331332
      ],
      "exit_codes": [
        0,
        0,
        0,
        0,
        0,
        0,
        0,
        0,
        0,
        0
      ]
    }
  ]
}
